city,country,income_id,pop,msw_generation_tons_year,waste_treatment_advanced_thermal_treatment_percent,waste_treatment_anaerobic_digestion_percent,waste_treatment_compost_percent,waste_treatment_controlled_landfill_percent,waste_treatment_incineration_percent,waste_treatment_landfill_unspecified_percent,waste_treatment_open_dump_percent,waste_treatment_other_percent,waste_treatment_recycling_percent,waste_treatment_sanitary_landfill_landfill_gas_system_percent,waste_treatment_unaccounted_for_percent,waste_treatment_waterways_marine_percent,composition_food_organic_waste_percent,composition_glass_percent,composition_metal_percent,composition_other_percent,composition_paper_cardboard_percent,composition_plastic_percent,composition_rubber_leather_percent,composition_wood_percent,composition_yard_garden_green_waste_percent,transportation_distance_from_city_center_to_main_landfill_or_dumpsite_km,transportation_distance_km,transportation_distance_km_year,transportation_distance_na,transportation_distance_total_km_day
Jalalabad,Afghanistan,LIC,326585,58914.450000000004,NA,NA,NA,NA,NA,NA,100,NA,NA,NA,NA,NA,1.0455,1.1175,0.0175,84.854,0.08,5.6455,4.9425,0.156,2.1395,NA,NA,NA,NA,NA
Kandahar,Afghanistan,LIC,429000,120971,NA,NA,NA,NA,NA,NA,100,NA,NA,NA,NA,NA,11.6,2.311,0.169,64.364,1.499,9.643,5.929,NA,4.49,NA,NA,NA,NA,NA
Mazar-E-Sharif,Afghanistan,LIC,635250,52368.4,NA,NA,NA,NA,NA,NA,100,NA,NA,NA,NA,NA,50.5,1.32,0.32,28.87,1.69,10.64,3.41,0.18,2.87,NA,NA,NA,NA,NA
Kabul,Afghanistan,LIC,3700000,1989250,NA,NA,NA,NA,NA,NA,75,NA,NA,NA,25,NA,13.5,1,0.5,63,5,11,NA,1,4,80,NA,NA,NA,NA
HiratÂ ,Afghanistan,LIC,337000,91644.7,NA,NA,NA,NA,NA,NA,100,NA,NA,NA,NA,NA,52.94,1.47,0.23,23.05,3.67,12.06,5.39,0.54,0.64,NA,35,NA,NA,NA
Luanda,Angola,LMC,4508000,1316336,NA,NA,NA,NA,NA,NA,NA,NA,NA,NA,NA,NA,21,6,3,43,11,12,NA,1,3,20,NA,NA,NA,NA
Korca,Albania,UMC,51152,21000,NA,NA,NA,100,NA,NA,NA,NA,NA,NA,NA,NA,37,2,2,37,11,11,NA,NA,NA,7,NA,NA,NA,NA
Vlora,Albania,UMC,79513,37955,NA,NA,NA,NA,NA,NA,90,NA,10,NA,NA,NA,40.42,4.47,0.99,24.08,18.94,11.1,NA,NA,NA,7,NA,NA,NA,NA
Abu Dhabi,United Arab Emirates,HIC,1145000,1033543,NA,NA,9,NA,NA,9,62,NA,20,NA,NA,NA,39,4,3,10,25,19,NA,NA,NA,NA,NA,NA,NA,NA
Dubai,United Arab Emirates,HIC,2415000,2689808,NA,NA,NA,NA,NA,NA,NA,NA,25,75,NA,NA,35.42,3.42,2.37,7.55,24.29,24.23,1.67,0.98,NA,NA,NA,NA,NA,NA
CÃ³rdoba,Argentina,HIC,1329604,488735,NA,NA,NA,69.32,NA,NA,30,NA,0.68,NA,NA,NA,35,3,2,15,13,14,NA,NA,18,NA,NA,NA,NA,NA
Rosario,Argentina,HIC,1193605,438730,NA,NA,15.2,NA,NA,NA,NA,NA,NA,89.19,NA,NA,58.38,4.93,1.4,11.31,13.55,11.68,NA,NA,NA,30,NA,NA,NA,NA
Ciudada AutÃ³noma De Buenos Aires (Caba).,Argentina,HIC,2981781,2532005,NA,NA,NA,NA,NA,NA,NA,14.42,7.2,61.5,16.88,NA,38,6,2,18,16,16,NA,NA,4,NA,NA,NA,NA,NA
Vanadzor,Armenia,UMC,86199,23596.97,NA,NA,NA,NA,NA,NA,90,NA,NA,NA,10,NA,28,6,3.75,34.5,10,15.75,2,NA,NA,13,NA,124020,NA,NA
Spitak,Armenia,UMC,12881,2866,NA,NA,NA,NA,NA,NA,93.16,NA,NA,NA,6.84,NA,29.5,6.75,4,42.75,4.5,9.75,2.75,NA,NA,4,NA,NA,NA,NA
Pago Pago,American Samoa,UMC,NA,NA,NA,NA,NA,0,NA,NA,NA,NA,NA,NA,NA,NA,19.7,3.4,7.9,25.6,26.4,12.8,4.2,NA,NA,NA,NA,NA,NA,NA
Perth,Australia,HIC,20359,NA,NA,NA,NA,NA,NA,NA,NA,NA,18,NA,NA,NA,40.1,6.8,3.5,22,15.2,8.2,NA,2,2.5,35,NA,NA,NA,NA
Melbourne,Australia,HIC,4203000,NA,NA,NA,NA,74.19,NA,NA,NA,NA,25.81,NA,NA,NA,68.21,3,NA,1,11.44,15.33,NA,NA,1.03,NA,NA,NA,NA,NA
Canberra,Australia,HIC,353626,350000,NA,NA,NA,28,NA,NA,NA,NA,70,NA,2,NA,47,7,5,15,22,4,NA,NA,NA,NA,NA,NA,NA,NA
Vienna,Austria,HIC,1741246,1036879,NA,NA,NA,NA,NA,NA,NA,NA,NA,NA,NA,NA,31.4,8.3,3.6,16.8,37,2.9,NA,NA,NA,NA,NA,NA,NA,NA
Baku,Azerbaijan,UMC,2374000,1965922,NA,NA,NA,NA,24.21,NA,NA,NA,NA,36.36,49.22,NA,41.7,6.4,1.5,20.6,18.1,10.4,NA,1.4,NA,NA,NA,NA,NA,NA
Muyinga,Burundi,LIC,632409,5657.5,NA,NA,NA,NA,NA,NA,100,NA,NA,NA,NA,NA,NA,NA,NA,NA,NA,NA,NA,NA,NA,NA,NA,NA,NA,NA
Kayanza,Burundi,LIC,585412,4015,NA,NA,NA,NA,NA,NA,NA,NA,NA,NA,NA,NA,NA,NA,NA,NA,NA,NA,NA,NA,NA,NA,NA,NA,NA,NA
Ngozi,Burundi,LIC,39884,6752.5,NA,NA,NA,NA,NA,NA,100,NA,NA,NA,NA,NA,NA,NA,NA,NA,NA,NA,NA,NA,NA,NA,NA,NA,NA,NA
Bujumbura,Burundi,LIC,412000,210532,NA,NA,NA,NA,NA,NA,100,NA,NA,NA,NA,NA,NA,NA,NA,NA,NA,NA,NA,NA,NA,NA,NA,NA,NA,NA
Brussels,Belgium,HIC,1154635,469559,NA,NA,NA,NA,NA,NA,NA,NA,NA,NA,NA,NA,NA,22,NA,20,35,11,NA,NA,12,NA,NA,NA,NA,NA
Liege,Belgium,HIC,1020579,525300,NA,3,14,NA,26,NA,NA,NA,53,4,NA,NA,NA,NA,NA,NA,NA,NA,NA,NA,NA,NA,NA,NA,NA,NA
Porto Novo,Benin,LIC,600000,109500,NA,NA,NA,NA,NA,NA,NA,NA,NA,NA,NA,NA,NA,NA,NA,NA,NA,NA,NA,NA,NA,NA,NA,NA,NA,NA
Cotonou,Benin,LIC,642000,258420,NA,NA,NA,NA,NA,NA,NA,NA,NA,NA,NA,NA,58.24,0.86,1.13,29.62,3.96,4.43,0.22,1.54,NA,NA,NA,NA,NA,NA
Bobo Dioulasso,Burkina Faso,LIC,365000,90000,NA,NA,NA,NA,NA,NA,NA,NA,NA,NA,NA,NA,NA,NA,NA,NA,NA,NA,NA,NA,NA,NA,NA,NA,NA,NA
Ouagadougou,Burkina Faso,LIC,1328000,315068,NA,NA,NA,NA,NA,NA,NA,NA,NA,NA,NA,NA,39,3,4,35,9,10,NA,NA,NA,10,NA,NA,NA,NA
Patuakhali,Bangladesh,LMC,65000,5220,NA,NA,NA,NA,NA,NA,55.45,NA,4.55,NA,40,NA,84.37,0.63,0.4,5.95,3.1,2.89,1.06,0,1.61,NA,NA,NA,NA,NA
Chittagong,Bangladesh,LMC,2581643,320380,NA,NA,0.42,NA,NA,NA,29.17,NA,12.41,NA,58,NA,79.03,0.22,1.04,6.08,3.6,7.21,2.09,0,0.72,NA,NA,NA,NA,NA
Rangpur,Bangladesh,LMC,294265,25992,NA,NA,NA,NA,NA,NA,27.16,NA,4.84,NA,68,NA,76.68,0.59,0.5,12.74,2.81,4.55,0.74,0,1.41,NA,NA,NA,NA,NA
Dhaka,Bangladesh,LMC,5700000,1424689,NA,NA,NA,NA,NA,NA,43.5,43,13.5,NA,NA,NA,78.87,4.085,4.085,4.57,4.29,4.1,NA,NA,NA,10,NA,NA,NA,NA
Rajshahi,Bangladesh,LMC,448087,40069.7,NA,NA,NA,NA,NA,NA,67.29,NA,4.71,NA,28,NA,81.96,0.3,0.04,9.91,2.64,4.05,0.42,NA,0.66,8,NA,NA,NA,NA
Ruse,Bulgaria,UMC,144936,NA,NA,NA,NA,NA,NA,NA,NA,NA,NA,NA,NA,NA,NA,NA,NA,NA,NA,NA,NA,NA,NA,NA,NA,NA,NA,NA
Burgas,Bulgaria,UMC,202766,NA,NA,NA,NA,NA,NA,NA,NA,NA,NA,NA,NA,NA,NA,NA,NA,NA,NA,NA,NA,NA,NA,NA,NA,NA,NA,NA
Manama,Bahrain,HIC,411000,NA,NA,NA,NA,NA,NA,NA,NA,NA,NA,NA,NA,NA,NA,NA,NA,NA,NA,NA,NA,NA,NA,NA,NA,NA,NA,NA
Banja Luka,Bosnia and Herzegovina,UMC,180053,65941,NA,NA,NA,NA,NA,NA,NA,NA,NA,100,NA,NA,34.2,4.9,6.6,16.3,10.8,22.3,0.9,4.1,NA,13,NA,NA,NA,NA
Sarajevo,Bosnia and Herzegovina,UMC,318000,146280,NA,NA,NA,NA,NA,NA,NA,NA,NA,NA,NA,NA,15,14,NA,51,17,2.5,NA,NA,NA,5,NA,1334648,NA,NA
Minsk,Belarus,UMC,1915000,1135421,NA,NA,NA,NA,NA,NA,NA,NA,NA,97,3,NA,32.13,5.88,4.23,35,6.9,10.12,1.75,3.23,1,18,NA,25100000,NA,NA
Grodno,Belarus,UMC,340000,147500,NA,NA,NA,99.4,NA,NA,NA,NA,0.6,NA,NA,NA,23.8,14.6,2.6,44.3,4.6,8.6,0.6,0.9,NA,21,NA,1954090,NA,NA
San Pedro,Belize,UMC,14215,10166,NA,NA,NA,NA,NA,NA,NA,NA,NA,57.6,42.4,NA,52,6,4,NA,13,13,NA,NA,12,NA,NA,NA,NA,NA
Belize City,Belize,UMC,68266,32657,NA,NA,NA,NA,NA,NA,NA,NA,NA,65,35,NA,37,9,7,8,18,21,NA,NA,NA,43,NA,NA,NA,NA
La Paz,Bolivia,LMC,840209,202456.07,NA,NA,1,NA,NA,NA,NA,NA,4,89,6,NA,47.3,2.6,1.4,20.7,12.8,15.2,NA,NA,NA,14,NA,NA,NA,NA
"Distrito Federal, Brasilia",Brazil,UMC,2977216,835480,NA,NA,NA,100,NA,NA,NA,NA,5.94,0,NA,NA,46.1,0.6,4.3,4.4,27.1,14.7,1.2,1.8,NA,15,NA,NA,NA,NA
Rio De Janeiro,Brazil,UMC,6453682,3368499,NA,NA,NA,6.3,NA,NA,0,NA,0.5,93.2,NA,NA,52,3.5,1.67,6.3,14.97,21.15,NA,NA,NA,NA,NA,NA,NA,NA
Sao Paulo,Brazil,UMC,11895893,4700000,NA,NA,3,24,NA,NA,18,NA,NA,55,NA,NA,47,1,2,22,16,10,1,NA,NA,NA,NA,NA,NA,NA
PhuentsholingÂ ,Bhutan,LMC,40000,6205,NA,NA,NA,NA,NA,NA,NA,NA,NA,100,NA,NA,65.4,2.3,0.4,2.3,14.1,12.1,3.5,NA,NA,7.5,NA,NA,NA,NA
Thimphu,Bhutan,LMC,101990,18250,NA,NA,8,NA,NA,NA,82,NA,5,NA,5,NA,50.5,3.7,0.5,4.2,24.6,13.5,3.1,NA,NA,NA,NA,NA,NA,NA
Gaborone,Botswana,UMC,210000,53655,NA,NA,NA,NA,NA,NA,NA,NA,NA,NA,NA,NA,67.9,6.4,6.2,2.5,12.5,4.5,NA,NA,NA,NA,NA,NA,NA,NA
Toronto,Canada,HIC,2800000,942700,NA,NA,3.74,52.08,NA,NA,NA,NA,47.91,NA,NA,NA,46.5,3.5,2.8,8.2,26.3,11,NA,NA,2,NA,NA,NA,NA,NA
Ottawa,Canada,HIC,934243,325000,NA,NA,NA,NA,NA,NA,NA,NA,42.5,NA,NA,NA,50.1,NA,NA,26.7,15.9,7.3,NA,NA,NA,NA,NA,NA,NA,NA
Vancouver,Canada,HIC,2465031,909519,NA,NA,NA,NA,NA,NA,NA,NA,NA,NA,NA,NA,43,2,3,18,17,17,NA,NA,NA,NA,NA,NA,NA,NA
Bern,Switzerland,HIC,358000,59000,NA,NA,NA,NA,NA,NA,NA,NA,43.22,NA,NA,NA,NA,NA,NA,NA,NA,NA,NA,NA,NA,NA,NA,NA,NA,NA
Zurich,Switzerland,HIC,1246000,NA,NA,NA,NA,NA,NA,NA,NA,NA,NA,NA,NA,NA,NA,NA,NA,NA,NA,NA,NA,NA,NA,NA,NA,NA,NA,NA
Santiago De Chile,Chile,HIC,7007620,3072148,NA,NA,NA,1.2,NA,NA,NA,NA,NA,98.8,NA,NA,49,4,1,16,12,10,NA,NA,13,NA,NA,NA,NA,NA
Beijing,China,UMC,20384000,7903000,NA,NA,2,NA,8,NA,NA,NA,NA,90,NA,NA,63.4,1.6,0.3,6.6,11.1,12.7,2.5,1.8,NA,NA,NA,NA,NA,NA
Abidjan,Côte d’Ivoire,LMC,4150000,1200000,NA,NA,NA,NA,NA,NA,NA,NA,NA,NA,NA,NA,40,2,2,35,6,8,NA,NA,9,NA,NA,NA,NA,NA
Limbe,Cameroon,LMC,NA,NA,NA,NA,NA,NA,NA,NA,NA,NA,NA,NA,NA,NA,54.8,1.6,2.4,16.3,12.5,12.4,NA,NA,NA,NA,NA,NA,NA,NA
Douala,Cameroon,LMC,1490000,380695,NA,NA,NA,NA,NA,NA,NA,NA,NA,NA,NA,NA,NA,NA,NA,NA,NA,NA,NA,NA,NA,NA,NA,NA,NA,NA
Yaounde,Cameroon,LMC,2349000,375303.95,NA,NA,NA,NA,NA,NA,NA,NA,NA,NA,NA,NA,NA,NA,NA,NA,NA,NA,NA,NA,NA,NA,NA,NA,NA,NA
Bafoussam,Cameroon,LMC,193000,30000,NA,NA,NA,NA,NA,NA,NA,NA,NA,NA,NA,NA,NA,NA,NA,NA,NA,NA,NA,NA,NA,NA,NA,NA,NA,NA
Kinshasa,"Congo, Dem. Rep.",LIC,11587000,2555000,NA,NA,NA,NA,NA,NA,10,NA,NA,NA,90,NA,NA,NA,NA,NA,NA,NA,NA,NA,NA,NA,NA,NA,NA,NA
Dolisie,"Congo, Rep.",LMC,95000,17550,NA,NA,NA,NA,NA,NA,NA,NA,NA,NA,NA,NA,73.9,2.1,1.9,9.9,6,6.2,NA,NA,NA,NA,NA,NA,NA,NA
BogotÃ¡,Colombia,UMC,6840116,1746890,NA,NA,NA,NA,NA,NA,NA,NA,17,83,NA,NA,61.45,1.06,0.95,7.34,10.17,19.03,NA,NA,NA,NA,NA,NA,NA,NA
Medellin,Colombia,UMC,2464322,476455,NA,NA,NA,NA,NA,NA,NA,NA,16,84,NA,NA,59.24,1.07,0.76,25.86,3.7,9.37,NA,NA,NA,57,NA,NA,NA,NA
Cali,Colombia,UMC,2224158,669410,NA,NA,NA,NA,NA,NA,NA,NA,15,85,NA,NA,59,2.56,1.06,27.94,6.23,3.21,NA,NA,NA,62,NA,NA,NA,NA
Moroni,Comoros,LIC,56000,NA,NA,NA,NA,40,NA,NA,NA,NA,NA,NA,60,NA,NA,NA,NA,NA,NA,NA,NA,NA,NA,NA,NA,NA,NA,NA
San JosÃ©,Costa Rica,UMC,309673,132405,NA,NA,NA,NA,NA,NA,NA,0.38,5.2,94.42,NA,NA,55,2,2,20,11,10,NA,NA,NA,NA,NA,NA,NA,NA
Alajuela,Costa Rica,UMC,254886,80901.43999999999,NA,NA,NA,NA,NA,NA,NA,NA,0.42,100,NA,NA,51.1,0.9,1.1,26.8,7.5,12.6,NA,NA,NA,NA,NA,4016,NA,NA
Havana,Cuba,UMC,2135747,545683.3600000001,NA,NA,NA,97,NA,NA,NA,3,NA,NA,NA,NA,60,11,2,1,9,8,NA,NA,9,NA,NA,NA,NA,NA
Paralimini,Cyprus,HIC,11836,NA,NA,NA,NA,NA,NA,NA,NA,NA,NA,NA,NA,NA,20,5,1,20,11,17,NA,NA,26,NA,NA,NA,NA,NA
Nicosia,Cyprus,HIC,55014,36198,NA,NA,2.87,NA,NA,87.23,NA,NA,9.89,NA,0.01,NA,NA,NA,NA,NA,NA,NA,NA,NA,NA,NA,NA,NA,NA,NA
Karlovy Vary,Czech Republic,HIC,299293,131539.27,NA,NA,NA,NA,NA,NA,NA,NA,NA,NA,NA,NA,NA,NA,NA,NA,NA,NA,NA,NA,NA,NA,NA,NA,NA,NA
Prague,Czech Republic,HIC,1243201,400900,NA,NA,NA,NA,NA,NA,NA,NA,NA,NA,NA,NA,NA,NA,NA,NA,NA,NA,NA,NA,NA,NA,NA,NA,NA,NA
Hamburg,Germany,HIC,1831000,NA,NA,NA,NA,NA,NA,NA,NA,NA,NA,NA,NA,NA,21.49,4.27,6.53,32.79,25.75,1.6,NA,7.54,NA,NA,NA,NA,NA,NA
Berlin,Germany,HIC,3563000,1350457,NA,NA,NA,1,65,NA,NA,6,28,NA,NA,NA,44,6,2,28,10,8,NA,2,NA,NA,NA,NA,NA,NA
Djiibouti City,Djibouti,LMC,404000,87600,NA,NA,NA,NA,NA,NA,NA,62,NA,NA,NA,NA,NA,NA,NA,NA,NA,NA,NA,NA,NA,NA,NA,NA,NA,NA
Copenhagen,Denmark,HIC,570171,233805,NA,NA,NA,NA,NA,NA,NA,NA,NA,NA,NA,NA,NA,NA,NA,NA,NA,NA,NA,NA,NA,NA,NA,NA,NA,NA
Santo Domingo,Dominican Republic,UMC,3976012,1818889,NA,NA,NA,NA,NA,NA,NA,NA,NA,72,28,NA,58,5,2,11,8,9,1,0.3,7,16,NA,NA,NA,NA
Algiers,Algeria,UMC,2594000,1237874,NA,NA,1,NA,NA,NA,NA,7,10,82,NA,NA,54.4,1.16,2.84,0.84,9.75,16.88,12.62,1.51,NA,NA,NA,NA,NA,NA
Mostaganem,Algeria,UMC,720000,160000,NA,NA,NA,NA,NA,NA,NA,NA,NA,NA,NA,NA,64.6,2.8,1.9,4.3,15.9,10.5,NA,NA,NA,NA,NA,NA,NA,NA
Quito,Ecuador,UMC,2344231,727297.66,NA,NA,NA,NA,NA,NA,NA,NA,6,89,5,NA,56.95,1.62,0.9,20.92,4.25,14.21,NA,0.85,0.3,NA,NA,NA,NA,NA
Cairo,"Egypt, Arab Rep.",LMC,9000000,5475000,NA,NA,NA,NA,NA,NA,NA,NA,NA,NA,NA,NA,56,3,7.2,10.5,19.5,3.8,NA,NA,NA,NA,NA,NA,NA,NA
Pamplona,Spain,HIC,195650,141296,NA,NA,NA,68,NA,NA,NA,NA,32,NA,NA,NA,37.2,8.9,2.3,24.6,16.4,8.2,NA,2.5,NA,NA,NA,NA,NA,NA
Madrid,Spain,HIC,3165235,2652471,NA,10,5,29,10,NA,NA,36,10,NA,NA,NA,NA,21.73,5.8,43.76,11.78,10.4,NA,0.2,6.31,NA,NA,NA,NA,NA
Tallinn,Estonia,HIC,391000,202011,NA,NA,NA,NA,NA,NA,NA,NA,NA,NA,NA,NA,22,13,5,15,29,14,NA,2,NA,NA,NA,NA,NA,NA
Tartummaa,Estonia,HIC,150000,NA,NA,NA,NA,NA,NA,NA,NA,NA,NA,NA,NA,NA,0.93,0.02,3.84,74.86,15.06,0.07,NA,NA,5.32,NA,NA,NA,NA,NA
Adola Woyu,Ethiopia,LIC,32692,3222,NA,NA,NA,NA,NA,NA,NA,NA,NA,NA,NA,NA,39,3.65,5.1,28.1,7.6,6.3,0.6,9.5,NA,NA,NA,NA,NA,NA
Bule Hora,Ethiopia,LIC,35192,7322,NA,NA,NA,NA,NA,NA,NA,NA,NA,NA,NA,NA,77.15,NA,NA,13.8,3.65,5.4,NA,NA,NA,NA,NA,NA,NA,NA
Addis Ababa,Ethiopia,LIC,2979100,413180,NA,NA,NA,NA,NA,NA,NA,NA,NA,NA,NA,NA,44.45,1.15,1.05,29.55,11.5,12.65,NA,NA,NA,20.92,NA,NA,NA,NA
Maichew,Ethiopia,LIC,33560,4907,NA,NA,NA,NA,NA,NA,NA,NA,NA,NA,NA,NA,52.75,0.55,2.55,33.05,4.55,5.5,NA,NA,NA,NA,NA,NA,NA,NA
Tepi,Ethiopia,LIC,36128,4697.9000000000005,NA,NA,NA,NA,NA,NA,NA,NA,NA,NA,NA,NA,52,3,3.5,26.5,1,1,NA,12.5,NA,NA,NA,NA,NA,NA
Gerbe Guracha,Ethiopia,LIC,41438,5277.620000000001,NA,NA,NA,NA,NA,NA,NA,NA,NA,NA,NA,NA,75.5,NA,NA,11.14,2.38,4,NA,1,NA,NA,NA,NA,NA,NA
Weldiya,Ethiopia,LIC,86311,4787,NA,NA,NA,NA,NA,NA,NA,NA,NA,NA,NA,NA,52.5,2.5,3,27,6.5,7.5,NA,0.5,NA,NA,NA,NA,NA,NA
Debre Tabor,Ethiopia,LIC,78706,6570,NA,NA,NA,NA,NA,NA,NA,NA,NA,NA,NA,NA,67,1,1,26,1,1,NA,1,NA,NA,NA,NA,NA,NA
Bati,Ethiopia,LIC,20536,1469,NA,NA,NA,NA,NA,NA,NA,NA,NA,NA,NA,NA,52.01,1.49,0.39,32.19,6.92,6.95,NA,NA,NA,NA,NA,NA,NA,NA
Dire Dawa,Ethiopia,LIC,270000,49275,NA,NA,NA,NA,NA,NA,100,NA,NA,NA,NA,NA,68,0.7,1.5,15.3,5,10,NA,NA,NA,NA,NA,NA,NA,NA
Halaba Kulito,Ethiopia,LIC,271654,NA,NA,NA,NA,NA,NA,NA,NA,NA,NA,NA,NA,NA,88.8,NA,NA,5.9,1.7,3.7,NA,NA,NA,NA,NA,NA,NA,NA
Dembi Dolo,Ethiopia,LIC,41031,3295,NA,NA,NA,NA,NA,NA,NA,NA,NA,NA,NA,NA,57,0.49,0.49,37.47,2.7,2.3,NA,NA,NA,NA,NA,NA,NA,NA
Oulu,Finland,HIC,196321,NA,NA,NA,NA,NA,NA,NA,NA,NA,NA,7.5,92.5,NA,NA,NA,NA,NA,NA,NA,NA,NA,NA,NA,NA,NA,NA,NA
Riihimaki,Finland,HIC,30000,NA,NA,NA,NA,NA,NA,NA,NA,NA,NA,NA,NA,NA,48.4,1.6,2.3,17.1,14.2,15.8,NA,0.7,NA,NA,NA,NA,NA,NA
Turku,Finland,HIC,180000,NA,NA,NA,NA,NA,NA,NA,NA,NA,NA,NA,NA,NA,42.8,1.5,1.6,19.9,15.4,17.6,NA,1.1,NA,NA,NA,NA,NA,NA
Suva,Fiji,UMC,86000,24272.5,NA,NA,NA,NA,NA,NA,NA,NA,NA,NA,NA,NA,49.5,2.5,3.6,6.2,16,8,0.1,4,9.7,24,NA,NA,NA,NA
Angers-Loire Metropole,France,HIC,277506,136405,NA,NA,22.85,NA,0.23,NA,NA,NA,17.66,53.95,5,NA,NA,NA,NA,NA,NA,NA,NA,NA,NA,NA,NA,NA,NA,NA
Paris,France,HIC,2254262,1092508,NA,NA,NA,NA,77.5,NA,NA,NA,17.1,5.4,NA,NA,22.2,6.8,3.8,25.1,21.3,16.7,NA,4.1,NA,NA,NA,NA,NA,NA
Pohnpei,"Micronesia, Fed. Sts.",LMC,34574,4562.5,NA,NA,NA,NA,NA,NA,NA,NA,NA,NA,NA,NA,15.6,5.7,25.7,8.8,16.6,25,2.6,NA,NA,NA,NA,NA,NA,NA
Libreville,Gabon,UMC,707000,417428,NA,NA,NA,NA,NA,NA,100,NA,NA,NA,NA,NA,NA,NA,NA,NA,NA,NA,NA,NA,NA,NA,NA,NA,NA,NA
London,United Kingdom,HIC,8173941,3560990,NA,NA,NA,NA,47,20,NA,4,30,NA,NA,NA,34,12,4,8,36,6,NA,NA,NA,NA,NA,NA,NA,NA
Bristol,United Kingdom,HIC,449300,166000,25.3,NA,NA,29.67,NA,NA,NA,NA,45.03,NA,NA,NA,48,1,1,23,7,11,NA,NA,8,NA,NA,NA,NA,NA
Tbilisi,Georgia,LMC,1147000,NA,NA,NA,NA,NA,NA,NA,NA,NA,NA,NA,NA,NA,69.5,2.4,1.1,4.8,9.5,13,NA,NA,NA,NA,NA,NA,NA,NA
Accra,Ghana,LMC,1960000,730000,NA,NA,NA,NA,NA,NA,NA,NA,5,NA,95,NA,65.8,2.8,3.1,11.3,5.3,10.4,2.1,NA,NA,12,NA,NA,NA,NA
Kumasi,Ghana,LMC,1470000,397047,NA,NA,NA,NA,NA,NA,NA,NA,NA,NA,NA,NA,48.4,2.9,4.5,18.6,6.5,17.6,1.6,NA,NA,NA,NA,NA,NA,NA
Conakry,Guinea,LIC,1045000,219000,NA,NA,NA,NA,NA,NA,NA,NA,NA,NA,NA,NA,85,0.8,0.9,1.7,4.3,5.3,NA,NA,1.9,NA,NA,NA,NA,NA
Banjul,"Gambia, The",LIC,331000,79935,NA,NA,NA,NA,NA,NA,NA,NA,NA,NA,NA,NA,32.44,1.48,1.4,53.14,9.19,NA,NA,2.35,NA,15,NA,NA,NA,NA
Labe,Equatorial Guinea,UMC,NA,NA,NA,NA,NA,NA,NA,NA,NA,NA,NA,NA,NA,NA,69,0.3,1.4,2,4.1,22.8,NA,NA,NA,NA,NA,NA,NA,NA
Athens,Greece,HIC,664046,310439.34,NA,NA,NA,NA,NA,NA,NA,NA,NA,NA,NA,NA,NA,9.15,1.28,88.87,1.11,0.01,NA,NA,NA,NA,NA,NA,NA,NA
Thessaloniki,Greece,HIC,354290,130629,NA,NA,NA,NA,NA,NA,NA,NA,NA,NA,NA,NA,44.3,4.3,3.9,6.8,22.2,13.9,NA,4.6,NA,51,NA,NA,NA,NA
Guatemala City,Guatemala,UMC,2918000,482700,NA,NA,NA,NA,NA,NA,48,47,5,NA,NA,NA,34.2,2.8,NA,22.5,18.6,17,2,2.9,NA,NA,NA,NA,NA,NA
Antigua Guatemala,Guatemala,UMC,41500,8483,NA,NA,NA,NA,NA,NA,NA,NA,NA,NA,NA,NA,49.3,2.2,2.8,19.4,10,12,1.8,2.5,NA,7,NA,NA,NA,NA
Jutiapa,Guatemala,UMC,453369,59100,NA,NA,NA,NA,NA,NA,12.44,87.56,NA,NA,NA,NA,42.9,3.4,NA,21.7,12.5,11.8,3.4,4.2,NA,NA,NA,NA,NA,NA
Tegucigalpa,Honduras,LMC,1200000,320470,NA,NA,0,NA,NA,NA,5,2,3,89,1,NA,40,4,4,13,15,8,2,NA,12,4,NA,NA,NA,NA
San Pedro Sula,Honduras,LMC,852000,289685.9,NA,NA,NA,NA,NA,NA,NA,NA,NA,NA,NA,NA,68.78,1.44,1.29,6.18,10.33,11.26,NA,0.71,NA,NA,NA,NA,NA,NA
Zagreb,Croatia,HIC,687000,255803.62,NA,NA,NA,NA,NA,NA,NA,NA,NA,NA,NA,NA,21.4,5.6,3.8,21.7,16.7,21.9,2.3,1.5,5.1,NA,NA,NA,NA,NA
Cakovec,Croatia,HIC,15000,8265.140000000001,NA,NA,NA,NA,NA,NA,NA,NA,NA,NA,NA,NA,NA,NA,NA,NA,NA,NA,NA,NA,NA,NA,NA,NA,NA,NA
Port Au Prince,Haiti,LIC,2618894,669127.42,NA,NA,NA,20,NA,NA,NA,NA,NA,NA,80,NA,53,2.1,1.5,14.2,12,15.4,NA,1.8,NA,5,NA,NA,NA,NA
Debrecen,Hungary,HIC,201981,NA,NA,NA,NA,NA,NA,NA,NA,NA,NA,NA,NA,NA,36.95,3.47,3.62,13.54,15.79,15.42,NA,NA,11.16,NA,NA,NA,NA,NA
Budapest,Hungary,HIC,1744665,1000000,NA,NA,NA,NA,52,NA,NA,NA,NA,NA,48,NA,23.2,6,7,32.4,10.4,21.2,NA,NA,NA,NA,NA,NA,NA,NA
Jakarta,Indonesia,LMC,9607787,2240735,NA,NA,NA,NA,NA,69.5,NA,NA,7.5,NA,23,NA,55.37,1.91,1.06,7.59,20.57,13.25,0.19,0.07,NA,40,NA,NA,NA,NA
Douglas,Isle of Man,HIC,29000,NA,NA,NA,NA,NA,NA,NA,NA,NA,NA,NA,NA,NA,NA,NA,NA,NA,NA,NA,NA,NA,NA,NA,NA,NA,NA,NA
Kota,India,LMC,1001694,216504,NA,NA,NA,NA,NA,NA,100,NA,NA,NA,NA,NA,51,3,1,20,10,15,NA,NA,NA,6,NA,NA,NA,NA
Kozhikode,India,LMC,431560,109500,NA,NA,25,NA,NA,NA,60,NA,NA,NA,15,NA,NA,NA,NA,NA,NA,NA,NA,NA,NA,10,NA,NA,NA,NA
Jaipur,India,LMC,3046163,542390,NA,NA,16.8,NA,NA,NA,60,23.6,NA,NA,NA,NA,NA,NA,NA,NA,NA,NA,NA,NA,NA,25,NA,NA,NA,NA
Tirunelveli,India,LMC,479606,70007,NA,NA,NA,NA,NA,NA,100,NA,NA,NA,NA,NA,NA,NA,NA,NA,NA,NA,NA,NA,NA,14,NA,NA,NA,NA
Amritsar,India,LMC,1132383,227395,NA,NA,NA,NA,NA,NA,100,NA,NA,NA,NA,NA,53,1,NA,35,5,1,NA,5,NA,4.7,NA,NA,NA,NA
Allahabad,India,LMC,1168385,236640,NA,NA,28,NA,NA,NA,65.7,NA,NA,NA,6.3,NA,NA,NA,NA,NA,NA,NA,NA,NA,NA,19,NA,NA,NA,NA
Greater Hyderabad Â ,India,LMC,6731790,1642500,NA,NA,44,10,NA,NA,NA,36,NA,NA,10,NA,48.22,1.66,0.52,29,7.26,8.61,1.82,NA,2.97,35,NA,NA,NA,NA
Kochi,India,LMC,602046,72000,NA,NA,40.3,38,NA,NA,NA,NA,21.6,NA,0.1,NA,NA,NA,NA,NA,NA,21.6,NA,NA,NA,20.4,NA,NA,NA,NA
Leh,India,LMC,17353,12045,NA,NA,NA,NA,NA,NA,100,NA,NA,NA,NA,NA,NA,NA,NA,NA,NA,NA,NA,NA,NA,NA,NA,NA,NA,NA
Pune,India,LMC,3124458,620500,NA,10.48,16.84,NA,NA,NA,50,10.89,11.17,NA,0.62,NA,33,5,3,47,6,5,1,NA,NA,20,NA,11007260,NA,NA
Patna,India,LMC,1684222,338106.8,NA,NA,NA,NA,NA,NA,15,NA,NA,NA,35,NA,NA,NA,NA,NA,NA,NA,NA,NA,NA,35,NA,NA,NA,NA
Jodhpur,India,LMC,1033756,124538,NA,NA,24.7,NA,NA,NA,54,NA,NA,NA,21.3,NA,13.22,0.54,2.49,20.54,9,15.34,1.93,5.17,31.74,15,NA,NA,NA,NA
Nagpur,India,LMC,2405665,383250,NA,NA,15,NA,NA,NA,81,NA,NA,NA,NA,NA,77,NA,NA,2,9,12,NA,NA,NA,20,NA,NA,NA,NA
Shimla,India,LMC,169578,34039.9,NA,NA,NA,NA,NA,NA,NA,16,15,NA,69,NA,NA,NA,NA,NA,NA,NA,NA,NA,NA,10,NA,NA,NA,NA
Rudrapur,India,LMC,154554,23725,NA,NA,NA,NA,NA,NA,92,NA,NA,NA,8,NA,NA,NA,NA,NA,NA,NA,NA,NA,NA,15,NA,NA,NA,NA
Bengaluru,India,LMC,8443675,1277500,NA,0.57,14.28,NA,NA,NA,70,NA,NA,NA,15.15,NA,53,3,1,12,13,12,NA,NA,6,26,NA,NA,NA,NA
Pimpri-Chinchwad,India,LMC,1727692,271925,NA,NA,60.9,NA,NA,NA,NA,0.2,18.8,20,0.1,NA,47.89,3.61,0.01,12,3.9,13.67,3.91,14.66,NA,10,NA,NA,NA,NA
Kanpur,India,LMC,2767031,547500,NA,NA,46.66,NA,35,NA,NA,NA,8,NA,10.34,NA,51.97,0.24,0.41,40,3.38,2.25,1.6,NA,NA,13,NA,NA,NA,NA
Rajkot,India,LMC,1432734,193450,NA,NA,NA,NA,NA,NA,100,NA,NA,NA,NA,NA,31.64,0.11,0.8,63.38,0.84,2.11,1.12,NA,NA,16,NA,14560,NA,NA
Tenali,India,LMC,164937,34675,NA,2.1,1.05,NA,NA,NA,90,NA,3.7,NA,3.15,NA,48,3,NA,15,11,NA,13,4,6,7,NA,NA,NA,NA
Lucknow,India,LMC,2817106,505525,NA,NA,23,NA,NA,NA,60,15,NA,NA,2,NA,47,NA,NA,36,17,NA,NA,NA,NA,25,NA,NA,NA,NA
Ludhiana,India,LMC,1840000,401500,NA,NA,NA,NA,NA,NA,45,55,NA,NA,NA,NA,34,10,NA,35,4.7,16,NA,NA,NA,10,NA,730000,NA,NA
Tadipatri,India,LMC,108249,14600,NA,NA,70,NA,NA,NA,30,NA,NA,NA,NA,NA,62.5,NA,NA,25,NA,12.5,NA,NA,NA,NA,NA,NA,NA,NA
Bhopal,India,LMC,1798218,292000,NA,0.75,21.1,NA,NA,NA,NA,NA,NA,NA,78.15,NA,NA,NA,NA,NA,NA,NA,NA,NA,NA,6.5,NA,4721640,NA,NA
Faridabad,India,LMC,1414050,242360,NA,NA,36.7,NA,NA,NA,NA,NA,NA,NA,42.4,NA,42,0.85,0.26,33.65,7.16,16.08,NA,NA,NA,25,NA,NA,NA,NA
Cuttack,India,LMC,610189,66816,NA,NA,NA,NA,NA,NA,100,NA,NA,NA,NA,NA,NA,NA,NA,NA,NA,NA,NA,NA,NA,NA,NA,NA,NA,NA
Ahmedabad,India,LMC,6494197,1204500,NA,NA,36.4,NA,NA,NA,NA,NA,15,49,NA,NA,28,1,NA,32,4,10,9,1,15,NA,NA,NA,NA,NA
Itanagar,India,LMC,59500,29200,NA,NA,62.5,NA,NA,NA,12,NA,NA,NA,25.5,NA,53,NA,3,24,7,7,6,NA,NA,4,NA,NA,NA,NA
Vishakhapatnam,India,LMC,1728128,354050,NA,NA,NA,NA,NA,NA,97,NA,NA,NA,3,NA,52,NA,NA,25,23,NA,NA,NA,NA,25,NA,NA,NA,NA
Nashik,India,LMC,1486053,148569.6,NA,NA,NA,20,NA,NA,NA,NA,NA,NA,35,NA,NA,NA,NA,NA,NA,NA,NA,NA,NA,7.8,NA,NA,NA,NA
Dhanbad,India,LMC,1162472,197976,NA,NA,NA,NA,NA,NA,NA,NA,NA,NA,NA,NA,NA,NA,NA,NA,NA,NA,NA,NA,NA,NA,NA,NA,NA,NA
Delhi,India,LMC,11034555,3062350,NA,NA,7.8,NA,31.9,NA,13.3,8.3,15,NA,23.8,NA,70.3,NA,NA,9.4,20.26,NA,NA,NA,NA,19.3,NA,NA,NA,NA
Srinagar,India,LMC,1147613,106390.2,NA,NA,NA,NA,NA,NA,100,NA,NA,NA,NA,NA,NA,NA,NA,NA,NA,NA,NA,NA,NA,5,NA,NA,NA,NA
Ghaziabad,India,LMC,1648643,271925,NA,NA,40,NA,NA,NA,60,NA,NA,NA,NA,NA,55.94,1.39,0.64,18.94,9.71,9.12,0.98,3.28,NA,NA,NA,NA,NA,NA
Imphal,India,LMC,268243,29200,NA,NA,NA,NA,NA,NA,NA,NA,NA,NA,NA,NA,60,2,1,15,10,5,2,5,NA,10,NA,NA,NA,NA
Surat,India,LMC,5500000,620500,NA,NA,23.5,NA,NA,NA,76,NA,NA,NA,0.5,NA,NA,NA,NA,NA,NA,NA,NA,NA,NA,10,NA,NA,NA,NA
Vijaywada,India,LMC,1137793,207320,NA,3.5,22,NA,NA,NA,74,NA,NA,NA,0.5,NA,NA,NA,NA,NA,NA,NA,NA,NA,NA,15,NA,NA,NA,NA
Chennai,India,LMC,6671309,1825000,NA,NA,1,99,NA,NA,NA,NA,NA,NA,NA,NA,8,0,0.03,37.65,6.45,7.04,1.45,6.99,32.25,15,NA,NA,NA,NA
Indore,India,LMC,1994397,328500,NA,NA,50,NA,NA,NA,25,25,NA,NA,NA,NA,59,0.5,0.5,27,2,3.5,3.5,NA,4,7,NA,NA,NA,NA
Coimbatore,India,LMC,1050721,324850,NA,0.1,53.4,NA,NA,NA,NA,NA,20,24,0.02,NA,76.95,NA,NA,17.5,5.55,NA,NA,NA,NA,12,NA,NA,NA,NA
Navi Mumbai,India,LMC,1120574,237250,NA,NA,82,18,NA,NA,NA,NA,NA,NA,NA,NA,53,NA,NA,20.6,21.4,NA,NA,NA,5,5,NA,NA,NA,NA
Greater Mumbai,India,LMC,12478447,2497804.5,NA,NA,NA,NA,NA,NA,54,45.53,NA,NA,0.47,NA,37,NA,NA,48,15,NA,NA,NA,NA,5,NA,NA,NA,NA
Guwahati,India,LMC,957352,223015,NA,NA,8.2,NA,NA,NA,75,NA,NA,NA,16.8,NA,NA,NA,NA,NA,NA,NA,NA,NA,NA,12,NA,NA,NA,NA
GwaliorÂ ,India,LMC,1069276,138754.75,NA,NA,39.5,NA,NA,NA,60,NA,NA,NA,0.5,NA,57.4,0.83,0.26,17.34,12.89,11.25,NA,NA,NA,12.5,NA,NA,NA,NA
Bhubaneswar,India,LMC,837737,189800,NA,NA,NA,NA,NA,NA,100,NA,NA,NA,NA,NA,NA,NA,NA,NA,NA,NA,NA,NA,NA,NA,NA,NA,NA,NA
Mysore,India,LMC,1058210,146730,NA,NA,50,31,NA,NA,NA,NA,22,NA,17,NA,55,9,NA,10,10,13,3,NA,NA,3.5,NA,270830,NA,NA
Warangal,India,LMC,615998,109500,NA,2,3.66,NA,NA,NA,93,NA,1.66,NA,NA,NA,51.14,NA,NA,15.53,19.59,13.74,NA,NA,NA,18.8,NA,1011936,NA,NA
Dublin,Ireland,HIC,527612,142889,NA,NA,NA,NA,NA,NA,NA,NA,49,NA,51,NA,27,16,2,10,37,8,NA,NA,NA,NA,NA,NA,NA,NA
Tehran,"Iran, Islamic Rep.",UMC,8432000,2868170,NA,1.9,50,NA,2.5,NA,41.5,NA,4,NA,0.1,NA,69.3,1.9,1.5,9.9,9.6,7,0.4,0.4,NA,39,NA,1952665,NA,NA
Baghdad,Iraq,UMC,7000000,3285000,NA,NA,NA,NA,NA,NA,100,NA,NA,NA,NA,NA,NA,NA,NA,NA,NA,NA,NA,NA,NA,NA,NA,NA,NA,NA
Jerusalem,Israel,HIC,778000,NA,NA,NA,NA,NA,NA,NA,NA,NA,5,NA,95,NA,NA,NA,NA,NA,NA,NA,NA,NA,NA,NA,NA,NA,NA,NA
Tel Aviv,Israel,HIC,3311000,NA,NA,NA,NA,NA,NA,NA,NA,NA,10.6,NA,89.4,NA,NA,NA,NA,NA,NA,NA,NA,NA,NA,NA,NA,NA,NA,NA
Parma,Italy,HIC,192836,97142.43999999999,NA,NA,NA,NA,NA,NA,NA,NA,72,NA,28,NA,22.98,0.4,10.01,17.43,14.38,26.4,3.32,5.08,NA,NA,NA,NA,NA,NA
Milano,Italy,HIC,1236837,668158,NA,NA,NA,NA,44.6,NA,NA,6.8,49.9,NA,NA,NA,37.4,1.4,1.5,14.4,26.2,12.6,NA,6.5,NA,NA,NA,NA,NA,NA
Amman,Jordan,UMC,2400000,996815,NA,NA,NA,NA,NA,NA,10,NA,NA,90,NA,NA,50,3,1,15,15,16,NA,NA,NA,24,NA,NA,NA,NA
Yokohama,Japan,HIC,3730345,1182892,NA,NA,NA,10.18,74.95,NA,NA,NA,25.543,NA,NA,NA,34.56,1.19,0.76,14.57,25.64,11.88,NA,1.97,9.43,9,NA,12713819,NA,NA
Kobe,Japan,HIC,1547494,559401,NA,NA,NA,14.35,83.3,NA,NA,NA,14.89,NA,NA,NA,36.71,0.27,0.76,10.07,35.18,13.4,1.02,0.84,1.75,12,NA,6789793,NA,NA
Osaka,Japan,HIC,2679962,1021258,NA,NA,NA,14.19,90.33,NA,NA,NA,9.67,NA,NA,NA,10.4,1.8,3.2,12,45.9,19.9,NA,NA,6.8,25,NA,10228509,NA,NA
Naha,Japan,HIC,323558,100375,NA,0,0,3.82,89.09,NA,NA,0,15.01,NA,0,NA,6.3,NA,2.8,1.7,50,31.5,NA,NA,7.7,NA,NA,NA,NA,NA
Kitakyushu,Japan,HIC,972192,409332,NA,NA,NA,11.35,75.93,NA,NA,NA,25.38,NA,NA,NA,49.1,0.6,0.8,14.3,26.4,8.7,NA,NA,NA,NA,NA,NA,NA,NA
Toyama,Japan,HIC,418495,163417,NA,NA,0.44,7.94,76.16,NA,NA,NA,24.28,NA,NA,NA,34.5,0.2,0.5,12.6,35.5,15.1,0.3,1.2,0.1,NA,NA,1774136,NA,NA
Atyrau,Kazakhstan,UMC,275896,100000,NA,NA,NA,NA,NA,NA,100,NA,NA,NA,NA,NA,32.5,4.3,2.9,22.5,27.6,8.3,0.7,NA,1.2,5,NA,NA,NA,NA
Kostanay,Kazakhstan,UMC,228000,NA,NA,NA,NA,NA,NA,NA,NA,NA,NA,NA,26,NA,NA,NA,NA,NA,NA,NA,NA,NA,NA,3,NA,NA,NA,NA
EldoretÂ ,Kenya,LMC,167016,NA,NA,NA,NA,NA,NA,NA,100,NA,NA,NA,NA,NA,NA,NA,NA,NA,NA,NA,NA,NA,NA,NA,NA,NA,NA,NA
Nairobi,Kenya,LMC,3050000,829645,NA,NA,NA,NA,NA,NA,33,NA,5,NA,62,NA,50.9,2,2,11.4,17.5,16.1,NA,NA,NA,NA,NA,NA,NA,NA
Osh,Kyrgyz Republic,LMC,281900,312700,NA,NA,NA,NA,NA,NA,100,NA,NA,NA,NA,NA,64.19,4.67,1.27,7.06,9.2,13.11,0.27,0.22,NA,NA,NA,NA,NA,NA
Bishkek,Kyrgyz Republic,LMC,865000,544700,NA,NA,NA,NA,NA,NA,NA,NA,1,NA,NA,NA,37,1,4,23,27,7,NA,1,NA,10,NA,NA,NA,NA
Phnom Penh,Cambodia,LMC,1731000,711750,NA,NA,0.15,NA,NA,NA,NA,NA,NA,NA,99.85,NA,70,2,2,9,5,6,NA,6,NA,7.5,NA,NA,NA,NA
South Tarawa,Kiribati,LMC,46000,8395,NA,NA,NA,NA,NA,26,NA,38,1,NA,NA,35,74,2.6,8.4,0.5,7,6.6,1,NA,NA,NA,NA,NA,NA,NA
Seoul,"Korea, Rep.",HIC,10204000,3353985,NA,NA,29,NA,8,NA,NA,NA,36,27,NA,NA,9.4,NA,9.9,30.4,41.7,5.9,2.7,NA,NA,64,NA,NA,NA,NA
Kuwait City,Kuwait,HIC,2779000,NA,NA,NA,NA,NA,NA,NA,100,NA,NA,NA,0.01,NA,NA,NA,NA,NA,NA,NA,NA,NA,NA,NA,NA,NA,NA,NA
Vientiane,Lao PDR,LMC,997000,232505,NA,NA,NA,50,NA,NA,NA,NA,10,NA,40,NA,34,7,1,6,7,12,3,NA,30,32,NA,1971450,NA,NA
Beirut,Lebanon,UMC,650000,240000,NA,NA,10,NA,NA,NA,NA,2,5,83,NA,NA,52,4,6,2,15,13,2,3,3,9,NA,2200,NA,NA
Saida,Lebanon,UMC,150000,36500,NA,50,10,NA,NA,NA,NA,7,20,NA,NA,13,50,5,5,NA,12,17,2,4,5,3,NA,1000,NA,NA
Monrovia,Liberia,LIC,1056000,284700,NA,NA,NA,NA,NA,NA,NA,NA,NA,NA,NA,NA,40,1,1,42,5,11,NA,NA,NA,4,NA,NA,NA,NA
Tripoli,Libya,UMC,1126000,263033.6,NA,NA,NA,NA,NA,NA,NA,NA,NA,NA,NA,NA,36.3,3.5,6.7,19.5,15.3,18.6,NA,NA,NA,NA,NA,NA,NA,NA
Dehiwala Mt. Lavinia Municipal Council,Sri Lanka,LMC,187684,63948,NA,NA,0.5,NA,NA,NA,92.2,NA,3.4,NA,3.9,NA,52.5,1.2,0.7,6.7,13.6,10.5,0.6,NA,14.1,NA,NA,NA,NA,NA
Kurunegala,Sri Lanka,LMC,25317,17545.55,NA,NA,2.7,NA,NA,NA,80.4,2.7,14.2,NA,NA,NA,52,0.3,2,7.6,15.7,6.2,0.3,NA,16,NA,NA,NA,NA,NA
Trincomalee,Sri Lanka,LMC,50268,22662.85,NA,NA,5.6,NA,NA,NA,61.5,28.7,4.1,NA,0.1,NA,12,2,1,40,4,3,1,NA,37,9,NA,NA,NA,NA
Jaffna,Sri Lanka,LMC,82493,38278,NA,NA,5.9,NA,NA,NA,70.3,13.6,10.4,NA,0,NA,68.9,0.4,0.3,8.4,2.7,4,0.2,NA,15.1,NA,NA,NA,NA,NA
Moratuwa,Sri Lanka,LMC,171214,45442.5,NA,NA,14.2,48.6,NA,NA,NA,12.9,3.1,NA,21.2,NA,52.5,1.2,0.7,6.7,13.6,10.5,0.6,NA,14.1,NA,NA,NA,NA,NA
Colombo,Sri Lanka,LMC,318048,282875,NA,NA,0.97,NA,NA,NA,99,NA,NA,NA,0.03,NA,70.9,4.1,0.9,5,6.6,9.2,NA,3.5,NA,14,NA,NA,NA,NA
Vilnius,Lithuania,HIC,517000,289300,NA,NA,NA,64,NA,NA,NA,NA,36,NA,NA,NA,24.3,12.5,7.2,18,11.8,9.9,NA,4.9,11.2,NA,NA,NA,NA,NA
Kaunas,Lithuania,HIC,292691,130663,NA,NA,NA,87,NA,NA,NA,NA,13,NA,NA,NA,23.25,5.34,3.01,28.87,10.53,19.66,NA,2.09,7.52,20,NA,NA,NA,NA
Liepaja,Latvia,HIC,69443,NA,NA,NA,NA,NA,NA,NA,NA,NA,NA,NA,NA,NA,26,8,3,37,6,9,NA,NA,10,NA,NA,NA,NA,NA
Riga,Latvia,HIC,643368,312346,NA,NA,NA,NA,NA,NA,NA,NA,NA,NA,NA,NA,NA,NA,NA,NA,NA,NA,NA,NA,NA,10,NA,NA,NA,NA
Rabat,Morocco,LMC,650000,237250,NA,NA,NA,NA,NA,NA,NA,NA,3,97,NA,NA,NA,NA,NA,NA,NA,NA,NA,NA,NA,20,NA,NA,NA,NA
Tangier,Morocco,LMC,1100000,350000,NA,NA,NA,NA,NA,NA,100,NA,NA,NA,NA,NA,66,1,1,7,9,11,NA,NA,5,20,NA,4380000,NA,NA
Beni Mellal,Morocco,LMC,192362,52955,NA,NA,NA,NA,NA,NA,NA,NA,NA,NA,NA,NA,65,3,2,17,6,7,NA,NA,NA,4.5,NA,NA,NA,NA
Soldanesti,Moldova,LMC,7500,2037.5,NA,NA,NA,NA,NA,NA,NA,NA,NA,NA,NA,NA,20.2,3.5,0.7,60.9,5.5,9.1,NA,NA,NA,NA,NA,9863,NA,NA
Chisinau,Moldova,LMC,789534,282900,NA,NA,NA,NA,NA,NA,NA,NA,NA,NA,NA,NA,74,5,2,10,2,5,NA,1,1,20,NA,NA,NA,NA
Antananarivo,Madagascar,LIC,2610000,401500,NA,NA,NA,NA,NA,NA,NA,NA,NA,NA,NA,NA,24.3,NA,0.1,54.07,8.2,11.1,NA,2.1,0.2,10,NA,NA,NA,NA
Male,Maldives,UMC,153904,87143.57,NA,NA,NA,NA,NA,NA,100,NA,NA,NA,NA,NA,48.76,3,3,16.25,12,10,NA,2.75,4.24,5,NA,NA,NA,NA
Addu,Maldives,UMC,21275,7612,NA,NA,NA,NA,NA,NA,100,NA,NA,NA,NA,NA,40,3,4,11,7,5,NA,NA,30,7,NA,NA,NA,NA
Fuahmulah,Maldives,UMC,8510,2510.47,NA,NA,NA,NA,NA,NA,100,NA,NA,NA,NA,NA,19.57,2.84,2.13,13.65,4.2,6.93,NA,1,49.68,3,NA,NA,NA,NA
MÃ©xico City,Mexico,UMC,8851080,4705945,NA,NA,10.6,66.7,NA,NA,NA,4.2,14.19,1.56,2.75,NA,49.5,2.65,1.45,22.87,9.92,13.16,NA,0.45,NA,NA,NA,NA,NA,NA
Guadalajara,Mexico,UMC,1460148,648812,NA,NA,NA,NA,NA,NA,NA,NA,8,92,NA,NA,33.68,4.03,0.77,22.41,20.15,18.96,NA,NA,NA,NA,NA,NA,NA,NA
Monterrey,Mexico,UMC,1109171,430158,NA,NA,NA,NA,NA,NA,NA,NA,NA,100,NA,NA,31.24,3.22,1.8,39.87,7.06,16.18,0.01,0.06,0.54,21,NA,NA,NA,NA
Majuro,Marshall Islands,UMC,40108,8614,NA,NA,NA,NA,NA,NA,NA,NA,NA,NA,NA,NA,42.7,3.2,11,12.2,11.1,12.5,7.3,NA,NA,NA,NA,NA,NA,NA
Kratovo,"Macedonia, FYR",UMC,9536,1518,NA,NA,NA,NA,NA,NA,NA,NA,NA,NA,NA,NA,7.6,1.8,0.1,2,3.1,4.6,NA,NA,80.8,NA,NA,13687.5,NA,NA
Skopje,"Macedonia, FYR",UMC,503000,182489,NA,NA,NA,95,NA,NA,2,NA,3,NA,NA,NA,15.2,5.5,1.2,48.4,15.3,12.4,NA,NA,2,NA,NA,NA,NA,NA
Bamako,Mali,LIC,1933000,330000,NA,NA,NA,NA,NA,NA,NA,NA,21,NA,NA,NA,36.2,12,14,23,12.8,16,NA,NA,NA,NA,NA,NA,NA,NA
Sikasso,Mali,LIC,225000,46770,NA,NA,NA,NA,NA,25,NA,NA,NA,NA,75,NA,NA,NA,NA,NA,NA,NA,NA,NA,NA,NA,NA,NA,NA,NA
Mandalay,Myanmar,LMC,1000000,343100,NA,NA,NA,NA,NA,NA,NA,NA,5,NA,NA,NA,65,2,1,11,6,15,NA,NA,NA,17.5,NA,NA,NA,NA
Yangon,Myanmar,LMC,4802000,723065,NA,NA,NA,NA,NA,NA,87.66,NA,4.33,NA,7.67,NA,69,1,1,10,3,8,NA,NA,8,17.5,NA,NA,NA,NA
Podgorica,Montenegro,UMC,190392,87808,NA,NA,NA,NA,NA,NA,NA,NA,NA,69.79,30.21,NA,37,11.5,2.6,17.54,13,15.61,NA,2.75,NA,NA,NA,NA,NA,NA
Kotor,Montenegro,UMC,22515,10121,NA,NA,NA,59.98,NA,NA,NA,NA,NA,NA,40.02,NA,NA,NA,NA,NA,NA,NA,NA,NA,NA,NA,NA,NA,NA,NA
Ulaanbaatar,Mongolia,LMC,1377000,1100000,NA,NA,NA,NA,NA,NA,88.85,NA,3.2,NA,7.95,NA,29.5,4.5,3.5,27,17.5,18,NA,NA,NA,15,NA,NA,NA,NA
Saipan,Northern Mariana Islands,HIC,49000,32371.85,NA,NA,NA,NA,NA,NA,NA,NA,NA,NA,NA,NA,NA,NA,NA,NA,NA,NA,NA,NA,NA,NA,NA,NA,NA,NA
Maputo,Mozambique,LIC,1100000,401500,NA,NA,NA,NA,NA,NA,99,NA,1,NA,NA,NA,68,2,4,4,12,10,NA,NA,NA,10,NA,NA,NA,NA
Nouakchott,Mauritania,LMC,968000,NA,NA,NA,NA,NA,NA,NA,NA,NA,NA,NA,NA,NA,5,4,4,59,7,21,NA,NA,NA,25,NA,NA,NA,NA
Blantyre,Malawi,LIC,701000,100000,NA,NA,NA,NA,NA,NA,NA,NA,NA,NA,70,NA,NA,NA,NA,NA,NA,NA,NA,NA,NA,NA,NA,NA,NA,NA
Lilongwe,Malawi,LIC,731000,95000,NA,NA,NA,NA,NA,NA,NA,NA,NA,NA,70,NA,NA,NA,NA,NA,NA,NA,NA,NA,NA,NA,NA,NA,NA,NA
Kuala Lumpur,Malaysia,UMC,6837000,1600000,NA,NA,NA,NA,NA,NA,NA,NA,10.4,NA,89.6,NA,42.02,1.84,5.3,2.53,12.9,24.74,2.45,5.74,2.48,NA,NA,NA,NA,NA
Windhoek,Namibia,UMC,227000,57998.5,NA,NA,NA,NA,NA,NA,NA,NA,NA,NA,NA,NA,36,13,5,10,20,16,NA,NA,NA,NA,NA,NA,NA,NA
Niamey,Niger,LIC,816000,146000,NA,NA,NA,NA,NA,NA,37.4,52.5,NA,NA,10.1,NA,38,NA,1,57,2,2,NA,NA,NA,NA,NA,NA,NA,NA
Ilorin,Nigeria,LMC,857000,NA,NA,NA,NA,NA,NA,NA,NA,NA,NA,NA,NA,NA,61,NA,NA,32,7,NA,NA,NA,NA,NA,NA,NA,NA,NA
Lagos,Nigeria,LMC,9000000,1642500,NA,NA,NA,NA,NA,NA,NA,NA,NA,NA,NA,NA,53,5,5,12,10,15,NA,NA,NA,NA,NA,NA,NA,NA
Kano,Nigeria,LMC,NA,NA,NA,NA,NA,NA,NA,NA,NA,NA,NA,NA,NA,NA,43,2,5,29,17,4,NA,NA,NA,NA,NA,NA,NA,NA
Oyo,Nigeria,LMC,322000,20000,NA,NA,NA,NA,NA,NA,NA,NA,NA,NA,NA,NA,56.7,3.1,2.8,4.2,14.4,18.8,NA,NA,NA,NA,NA,NA,NA,NA
Ibadan,Nigeria,LMC,3160000,635000,NA,NA,NA,NA,NA,NA,44,NA,NA,NA,56,NA,42,4,5,27,10,9,NA,3,NA,NA,NA,NA,NA,NA
Puerto Cabezas,Nicaragua,LMC,66169,14198.5,NA,NA,NA,NA,NA,100,NA,NA,NA,NA,NA,NA,77,3.07,2.03,8.54,2.6,6.66,NA,NA,NA,13,NA,NA,NA,NA
Managua,Nicaragua,LMC,1002882,468660,NA,NA,NA,NA,NA,87.61,NA,NA,8.95,NA,3.44,NA,71.72,1.42,1.28,8.64,8.57,8.37,NA,NA,NA,NA,NA,NA,NA,NA
Amsterdam,Netherlands,HIC,799345,324302,NA,NA,NA,NA,NA,NA,NA,NA,14,NA,86,NA,21.5,8.6,2.9,39.2,18,6.4,NA,NA,3.4,NA,NA,2500000,NA,NA
Eindhoven,Netherlands,HIC,226879,NA,NA,NA,NA,NA,NA,NA,NA,NA,NA,NA,NA,NA,39,3,3,17,19,14,NA,2,6,NA,NA,NA,NA,NA
Bergen,Norway,HIC,271949,70528,NA,NA,NA,NA,39.1,14.5,NA,NA,46.4,NA,NA,NA,20,4,5,28,18,8,NA,14,3,NA,NA,NA,NA,NA
Oslo,Norway,HIC,986000,360876,NA,NA,NA,NA,57.85,NA,NA,1.547,37.197,3.4,0.006,NA,NA,NA,NA,NA,NA,5,NA,NA,NA,NA,NA,NA,NA,NA
Butwal,Nepal,LIC,120982,9902.449999999999,NA,NA,NA,NA,NA,NA,NA,62.7,NA,NA,37.3,NA,61.13,3.71,1.56,7.85,11.38,13.46,0.91,NA,NA,NA,NA,NA,NA,NA
Pokhara,Nepal,LIC,264991,42745.15,NA,NA,NA,NA,NA,NA,NA,NA,NA,42.7,57.3,NA,56.34,4.82,4.18,4.88,17.97,9.92,1.88,NA,NA,NA,NA,NA,NA,NA
Dhankuta,Nepal,LIC,28364,2701,NA,NA,NA,NA,NA,NA,NA,NA,NA,81.1,18.9,NA,48.66,0,2.37,13.84,17.12,17.85,0.16,NA,NA,NA,NA,NA,NA,NA
Birgunj,Nepal,LIC,139068,13932.05,NA,NA,NA,NA,NA,NA,19.65,19.65,NA,NA,60.7,NA,55.08,9.72,1.23,8.58,10.91,14.46,0,NA,NA,NA,NA,NA,NA,NA
Kathmandu,Nepal,LIC,1003285,170141.1,NA,NA,NA,NA,NA,NA,NA,NA,NA,86.9,13.1,NA,53.24,3.21,2.09,3.38,17.31,20.14,0.63,NA,NA,26,NA,NA,NA,NA
Lalitpur,Nepal,LIC,226728,30769.5,NA,NA,NA,NA,NA,NA,NA,NA,NA,71.2,28.8,NA,57.07,1.44,0.53,6.55,18.38,15.56,0.46,NA,NA,43,NA,NA,NA,NA
Badimalika,Nepal,LIC,18207,872.3499999999999,NA,NA,NA,NA,NA,NA,100,NA,NA,NA,NA,NA,51.06,10.57,0.24,18.17,12.97,6.87,0.11,NA,NA,0.5,NA,NA,NA,NA
Bharatpur,Nepal,LIC,147777,21578.799999999996,NA,NA,NA,NA,NA,NA,25.4,NA,NA,NA,74.6,NA,74.23,3.59,1.58,2.81,11.36,5.61,0.82,NA,NA,NA,NA,NA,NA,NA
Dharan,Nepal,LIC,119915,18585.8,NA,NA,NA,NA,NA,NA,NA,68.7,NA,NA,31.3,NA,50.49,3.7,6.33,9.75,12.95,16.19,0.59,NA,NA,NA,NA,NA,NA,NA
Bhimeshwor,Nepal,LIC,23337,1036.6,NA,NA,NA,NA,NA,NA,NA,NA,NA,NA,NA,NA,51.68,0.52,0.01,26.23,11.17,8.17,2.22,NA,NA,NA,NA,NA,NA,NA
Biratnagar,Nepal,LIC,204949,21305.05,NA,NA,NA,NA,NA,NA,85.7,NA,NA,NA,14.3,NA,71.07,0.52,0.21,1.86,13.18,11.99,1.17,NA,NA,NA,NA,NA,NA,NA
Bhaktapur,Nepal,LIC,83658,10548.5,NA,NA,NA,NA,NA,NA,86.5,NA,NA,NA,13.5,NA,62.68,1.17,2.73,8.66,11.35,13.24,0.18,NA,NA,NA,NA,NA,NA,NA
Auckland,New Zealand,HIC,1414700,226352,NA,NA,NA,NA,NA,NA,NA,NA,NA,NA,84,NA,55.5,1.8,2.7,17.4,10.5,11.2,0.1,0.8,NA,NA,NA,NA,NA,NA
Wellington,New Zealand,HIC,383000,302500,NA,NA,1,NA,NA,88,NA,NA,10,NA,1,NA,19,1.5,1.3,12.2,28,38,NA,NA,NA,NA,NA,NA,X,NA
Muscat,Oman,HIC,838000,219000,NA,NA,NA,NA,NA,NA,NA,NA,NA,NA,NA,NA,NA,NA,NA,NA,NA,NA,NA,NA,NA,NA,NA,NA,NA,NA
Karachi,Pakistan,LMC,14910352,2719250,NA,NA,NA,60,NA,NA,NA,40,NA,NA,NA,NA,21,1.5,0.75,48,4.1,6.4,2.3,2.25,14,32.5,NA,NA,NA,NA
Lahore,Pakistan,LMC,11126285,2436656.4149999996,NA,NA,NA,61.53,6.15,NA,NA,NA,NA,32.31,0.01,NA,65,0.696,0.07,21.824,2.5,0.61,9.53,NA,NA,19,NA,41812420,NA,NA
Sialkot,Pakistan,LMC,809000,125000,NA,NA,NA,NA,NA,NA,25,NA,NA,NA,75,NA,39.7,7.8,3.4,16.3,12.9,12.8,3.1,4,NA,NA,NA,NA,NA,NA
PanamÃ¡ City,Panama,HIC,1382667,494579.98000000004,NA,NA,NA,NA,NA,NA,NA,NA,2,65,33,NA,45,8,5,4,26,12,NA,NA,NA,NA,NA,NA,NA,NA
San Miguelito,Panama,HIC,560285,199436,NA,NA,NA,NA,NA,NA,NA,NA,NA,97.5,2.5,NA,NA,NA,NA,NA,NA,NA,NA,NA,NA,NA,NA,NA,NA,NA
ColÃ³n,Panama,HIC,250802,59860,NA,NA,NA,NA,NA,NA,74,NA,NA,NA,26,NA,NA,NA,NA,NA,NA,NA,NA,NA,NA,NA,NA,NA,NA,NA
Cusco,Peru,UMC,111340,48563,NA,NA,NA,NA,NA,NA,69.6,NA,0.3,NA,NA,30.1,47.9,2.44,3.45,17.07,9.44,11.63,0.54,0.19,7.34,7.5,NA,NA,NA,NA
Cebu,Philippines,LMC,923000,229950,NA,NA,NA,NA,NA,NA,60,NA,NA,40,NA,NA,67,1,1,12,4,15,NA,NA,NA,10,NA,NA,NA,NA
Quezon City,Philippines,LMC,2940000,944328,NA,NA,NA,61,NA,NA,NA,NA,42,NA,NA,NA,53.95,1.15,0.86,25.76,8.65,9.64,NA,NA,NA,NA,NA,NA,NA,NA
Koror,Palau,HIC,11754,1369,NA,NA,NA,NA,NA,NA,NA,NA,NA,NA,NA,NA,7,2,13,7,22,48,NA,NA,1,NA,NA,NA,NA,NA
Port Moresby,Papua New Guinea,LMC,345000,107310,NA,NA,NA,61.56,NA,NA,NA,36.73,1.7,NA,0.01,NA,29.6,7.1,9.4,12.5,11.5,18.5,11.4,NA,NA,NA,NA,NA,NA,NA
Lodzi,Poland,HIC,728900,157070.6,NA,NA,NA,NA,NA,NA,NA,NA,NA,NA,NA,NA,NA,NA,NA,NA,NA,NA,NA,NA,NA,NA,NA,NA,NA,NA
KrakÃ³w,Poland,HIC,741208,320500,NA,NA,NA,NA,NA,NA,NA,NA,33,NA,80.34,NA,29.22,8.53,2.25,24.93,20.48,14.59,NA,NA,NA,NA,NA,NA,NA,NA
Lisbon,Portugal,HIC,511667,291703.71,NA,NA,NA,NA,NA,NA,NA,NA,21.8,NA,78.2,NA,41,5,1.5,24,15,13,NA,0.5,NA,NA,NA,NA,NA,100
GuimarÃ£es,Portugal,HIC,158100,56000,NA,NA,NA,NA,NA,NA,NA,NA,NA,NA,NA,NA,36.42,5.19,2,25.26,11.08,12.33,NA,0.41,NA,NA,NA,NA,NA,NA
AsunciÃ³n,Paraguay,UMC,525293,282613,NA,NA,NA,NA,NA,NA,92.2,NA,NA,NA,7.8,NA,37.4,3.5,1.3,23.6,10.2,4.2,0.6,NA,19.2,NA,NA,NA,NA,NA
Ciudad Del Este,Paraguay,UMC,337608,157731.1,NA,NA,NA,48.8,NA,NA,NA,NA,NA,NA,51.2,NA,57.1,1.8,1.6,1.5,11.5,10.3,0.3,NA,16,NA,NA,NA,NA,NA
San Lorenzo,Paraguay,UMC,283939,105711,NA,NA,NA,NA,NA,NA,58.2,NA,NA,NA,41.8,NA,20,4,2,52,6,12,1,NA,3,NA,NA,NA,NA,NA
Ramallah,West Bank and Gaza,LMC,NA,NA,NA,NA,NA,NA,NA,NA,NA,NA,NA,NA,NA,NA,NA,NA,NA,NA,NA,NA,NA,NA,NA,NA,NA,NA,NA,NA
Doha,Qatar,HIC,718000,359035.9,NA,NA,NA,NA,NA,NA,NA,NA,NA,NA,NA,NA,NA,NA,NA,NA,NA,NA,NA,NA,NA,NA,NA,NA,NA,NA
Cluj-Napoca,Romania,UMC,327000,112194,NA,NA,NA,NA,NA,NA,NA,NA,13.72,NA,NA,NA,50.5,4.5,2.5,20,11,9,NA,2.5,NA,8.5,NA,NA,NA,NA
Bucharest,Romania,UMC,1868000,632866.62,NA,NA,NA,NA,NA,NA,NA,NA,9.44,NA,NA,NA,64.52,7.1,3.03,NA,13.58,9.42,NA,2.35,NA,17,NA,NA,NA,NA
Moscow,Russian Federation,UMC,11461000,5500000,NA,NA,NA,NA,NA,NA,90,6,4,NA,NA,NA,22,16,2,24,17,13,1,5,NA,34,NA,NA,NA,NA
St.petersburg,Russian Federation,UMC,4993000,2300000,NA,NA,NA,NA,NA,80,NA,3,10,NA,7,NA,23.1,6.3,3.5,21.6,29.7,5.8,3.5,6.5,NA,NA,NA,NA,NA,NA
Kemerovo,Russian Federation,UMC,533000,189254,NA,NA,NA,NA,NA,NA,98.1,NA,1.9,NA,NA,NA,17,3,7,15,45,13,NA,NA,NA,NA,NA,NA,NA,NA
KigaliÂ ,Rwanda,LIC,1257000,871729.5,NA,NA,NA,25,NA,NA,NA,NA,NA,NA,75,NA,66.86,1.36,1.93,2,16.13,1.5,0.36,2.9,6.93,NA,NA,NA,NA,NA
Nyagatare,Rwanda,LIC,465855,NA,NA,NA,NA,NA,NA,NA,NA,NA,NA,NA,NA,NA,NA,NA,NA,NA,NA,NA,NA,NA,NA,5,NA,NA,NA,NA
Jeddah,Saudi Arabia,HIC,4076000,2200000,NA,NA,NA,NA,NA,NA,NA,NA,NA,NA,NA,NA,45,3,2,5,14,16,4,6,5,40,NA,NA,NA,NA
Riyadh,Saudi Arabia,HIC,6370000,4380000,NA,NA,NA,85,NA,NA,NA,NA,NA,NA,15,NA,55.9,3.2,2.4,13,12.2,13.3,NA,NA,NA,NA,NA,NA,NA,NA
Rufisque,Senegal,LIC,300000,76650,NA,NA,NA,NA,NA,NA,NA,NA,NA,NA,NA,NA,NA,NA,NA,NA,NA,NA,NA,NA,NA,NA,NA,NA,NA,NA
Honiara,Solomon Islands,LMC,78000,29000,NA,NA,NA,NA,NA,NA,NA,NA,NA,NA,NA,NA,53,1.1,9.2,7.2,6.6,19.5,3.4,NA,NA,6,NA,NA,NA,NA
Freetown,Sierra Leone,LIC,800000,163520,NA,NA,NA,NA,NA,NA,NA,NA,NA,NA,45,NA,59.2,1.2,6.2,21.8,NA,0.9,NA,NA,NA,NA,NA,NA,NA,NA
San Salvador,El Salvador,LMC,1097000,293747,NA,NA,NA,NA,NA,NA,NA,NA,NA,65.4,34.6,NA,58,2,2,8,19,11,NA,NA,NA,29,NA,NA,NA,NA
Hargeysa,Somalia,LIC,607000,80000,NA,NA,NA,NA,NA,NA,NA,NA,NA,NA,NA,NA,21.2,5.2,2.5,35.2,19.9,16,NA,NA,NA,NA,NA,NA,NA,NA
Belgrade,Serbia,UMC,1392691,781692,NA,NA,NA,NA,NA,NA,NA,NA,NA,NA,NA,NA,30.93,6.84,2.38,14.96,22.69,14.92,0.61,NA,6.68,NA,NA,NA,NA,NA
Novi Sad,Serbia,UMC,314192,120773,NA,NA,NA,NA,NA,NA,NA,NA,2,NA,98,NA,40.73,11.19,1.41,9.11,16.26,12.08,0.03,NA,9.17,NA,NA,NA,NA,NA
Juba,South Sudan,LIC,321000,130053.15000000001,NA,NA,NA,NA,NA,NA,NA,NA,NA,NA,NA,NA,31,5,7,25,12,20,NA,NA,NA,13,NA,NA,NA,NA
Trnava,Slovak Republic,HIC,65536,60816,NA,NA,NA,82.42,0.34,NA,0.56,6.9,9.79,NA,NA,NA,42.35,32.58,NA,14.7,4.36,5.78,0.24,NA,NA,NA,NA,NA,NA,NA
Bratislava,Slovak Republic,HIC,415589,140594,NA,NA,NA,32.01,41.02,NA,0.43,16.73,9.81,NA,NA,NA,50.17,15,1,NA,27,9,NA,NA,NA,NA,NA,NA,NA,NA
Ljubljana,Slovenia,HIC,309261,98410,NA,NA,NA,NA,NA,39,NA,NA,61,NA,NA,NA,NA,NA,NA,NA,NA,NA,NA,NA,NA,NA,NA,NA,NA,NA
BorÃ¥s,Sweden,HIC,106000,25500,NA,NA,NA,1,55,NA,NA,15.5,29,NA,NA,NA,11,4,4.2,48.2,10,0.7,NA,10,5,NA,NA,NA,NA,NA
Stockholm,Sweden,HIC,897700,399133,NA,NA,NA,3,71.1,NA,NA,5,21,NA,NA,NA,37.6,4.5,2,18,24.8,10.2,NA,0.2,2.8,NA,NA,NA,NA,NA
Damascus,Syrian Arab Republic,LIC,2566000,1095000,NA,NA,NA,NA,NA,NA,NA,NA,NA,NA,NA,NA,57.3,2.9,4,22.3,6.6,6.9,NA,NA,NA,NA,NA,NA,NA,NA
Lome,Togo,LIC,956000,311000,NA,NA,NA,NA,NA,NA,NA,NA,NA,NA,NA,NA,38,NA,NA,36,NA,NA,NA,26,NA,NA,NA,NA,NA,NA
Bangkok,Thailand,UMC,9270000,4190000,NA,NA,48.7,NA,NA,NA,NA,NA,11.85,39.45,NA,NA,42.72,2.7,1.15,6.41,15.18,25.01,0.83,NA,5.99,NA,NA,NA,NA,NA
DushanbeÂ ,Tajikistan,LIC,679400,257000,NA,NA,NA,NA,NA,NA,NA,NA,NA,NA,NA,NA,NA,NA,NA,NA,NA,NA,NA,NA,NA,NA,NA,NA,NA,NA
Khujand,Tajikistan,LIC,144865,51974,NA,NA,NA,NA,NA,NA,NA,NA,NA,NA,NA,NA,4.5,NA,5,55.5,25,10,NA,NA,NA,NA,NA,NA,NA,NA
Ashgabat,Turkmenistan,UMC,746000,164000,NA,NA,NA,NA,NA,NA,NA,NA,NA,NA,NA,NA,19,4,3,34,7,3,1,1,28,NA,NA,NA,NA,NA
Dili,Timor-Leste,LMC,234331,54750,NA,NA,NA,NA,NA,NA,NA,NA,NA,NA,NA,NA,12,2,1,17,18,18,NA,NA,33,25,NA,NA,NA,NA
Tongatapu,Tonga,UMC,69211,10950,NA,NA,NA,NA,NA,NA,NA,NA,NA,NA,NA,NA,51.3,5.9,9,8.9,7.4,13.4,4.1,NA,NA,NA,NA,NA,NA,NA
Vavaâ€™u,Tonga,UMC,14936,5515,NA,NA,1.5,27.4,NA,NA,NA,12.3,5.1,NA,53.7,NA,51.3,5.9,9,8.9,7.4,13.4,4.1,NA,NA,NA,NA,NA,NA,NA
Tunis,Tunisia,LMC,700000,220000,NA,NA,NA,NA,NA,NA,4,NA,3,93,NA,NA,46.7,2.48,2.8,17,21.31,10.15,NA,NA,NA,15,NA,NA,NA,NA
Sfax,Tunisia,LMC,300000,77000,NA,NA,NA,NA,NA,NA,NA,NA,2,98,NA,NA,68,2,4,5,10,11,NA,NA,NA,40,NA,NA,NA,NA
Sousse,Tunisia,LMC,170000,70000,NA,NA,NA,63,NA,NA,NA,NA,6,NA,NA,NA,65,3,2,12,9,9,NA,NA,NA,NA,NA,NA,NA,NA
Sakarya Mm,Turkey,UMC,925662,358139,NA,NA,NA,NA,NA,NA,NA,NA,2.49,NA,97.51,NA,40.6,4.4,2.4,24.5,11.8,15.9,NA,NA,0.5,NA,NA,NA,NA,NA
Bursa Mm (Metropolitan Municipality),Turkey,UMC,2764826,1069711,NA,NA,NA,NA,NA,NA,NA,NA,NA,NA,NA,NA,39.4,4.9,0.5,21.3,18.5,15.5,NA,NA,NA,NA,NA,NA,NA,NA
Funafuti,Tuvalu,UMC,6000,NA,NA,NA,NA,NA,NA,NA,NA,NA,NA,NA,NA,NA,52.4,9.5,9.8,8.5,10.4,9.3,NA,NA,NA,NA,NA,NA,NA,NA
Dar Es Salaam,Tanzania,LIC,4364541,1496500,NA,NA,NA,NA,NA,NA,NA,18,13,28,41,NA,45,2.9,1.7,18.5,4.1,2,1,NA,25.1,40,NA,NA,NA,NA
Moshi,Tanzania,LIC,183520,62050,NA,NA,20,49,NA,NA,NA,NA,NA,NA,31,NA,65,3,2,12,9,9,NA,NA,NA,NA,NA,NA,NA,NA
Mountain Kilimanjaro,Tanzania,LIC,210000,50000,NA,NA,NA,NA,NA,NA,NA,NA,NA,NA,NA,NA,55,1,8,3,9,24,NA,NA,NA,NA,NA,NA,NA,NA
Kampala,Uganda,LIC,1936000,840000,NA,NA,NA,100,NA,NA,NA,NA,NA,NA,NA,NA,73.8,0.9,3.1,7.2,5.5,1.6,NA,NA,8,12,NA,NA,NA,NA
Pavlograd,Ukraine,LMC,109885,84600,NA,NA,NA,NA,NA,NA,NA,NA,NA,NA,NA,NA,20.6,10.5,0.6,42.8,11.5,12.6,1.2,0.3,NA,2,NA,NA,NA,NA
Kiev,Ukraine,LMC,2942000,1100000,NA,NA,NA,NA,23,70.6,NA,NA,6.4,NA,NA,NA,35,10,1,36,10,7,NA,1,NA,NA,NA,NA,NA,NA
Montevideo,Uruguay,HIC,1319108,481800,NA,NA,NA,71,NA,NA,NA,NA,29,NA,NA,NA,40.95,5.73,2.06,13.55,19.05,15.87,0.43,NA,2.35,NA,NA,NA,NA,NA
Seattle,United States,HIC,631350,720904,NA,NA,NA,41.95,NA,NA,NA,NA,58.04,NA,NA,NA,53.8,2.3,3.1,8.8,20.3,11.5,NA,NA,NA,NA,NA,NA,NA,NA
Washington Dc,United States,HIC,693972,479930.77,32,NA,1,56,NA,NA,NA,NA,11,NA,NA,NA,83.86,NA,0.1,15.94,0.11,NA,NA,NA,NA,NA,NA,NA,NA,NA
Ann Arbor,United States,HIC,307000,200767.81999999998,NA,NA,NA,NA,NA,NA,NA,NA,31,NA,NA,NA,NA,NA,NA,NA,NA,NA,NA,NA,NA,NA,NA,NA,NA,NA
Namangan,Uzbekistan,LMC,521000,NA,NA,NA,NA,NA,NA,NA,NA,NA,NA,NA,NA,NA,NA,NA,NA,NA,NA,NA,NA,NA,NA,NA,NA,NA,NA,NA
Tashkent,Uzbekistan,LMC,2251000,500000,NA,NA,NA,NA,NA,NA,NA,NA,NA,NA,NA,NA,38.4,3.7,3.4,21,18.9,NA,0.8,4.9,8.9,NA,NA,NA,NA,NA
Caracas,"Venezuela, RB",UMC,3220540,1787940,NA,NA,NA,NA,NA,NA,NA,NA,0.9,99.1,NA,NA,50,NA,NA,50,NA,NA,NA,NA,NA,30,NA,NA,NA,NA
Hanoi,Vietnam,LMC,3629000,2390750,NA,NA,2,NA,5.4,10.91,NA,NA,8.2,63.64,10,NA,59.1,2.4,0.9,19.8,5.9,8.6,0.5,NA,2.6,33,NA,NA,NA,NA
Ho Chi Minh City,Vietnam,LMC,7981900,2518500,NA,NA,15,NA,NA,NA,NA,NA,NA,85,NA,NA,69,NA,0.2,10.8,3,16,1.1,1,NA,NA,NA,NA,NA,NA
Port Vila,Vanuatu,LMC,44039,27000,NA,NA,NA,NA,NA,NA,NA,NA,NA,NA,NA,NA,62.8,7.8,4.6,9.4,6.1,7.9,1.4,NA,NA,23,NA,NA,NA,NA
Upolu (Apia),Samoa,UMC,147184,NA,NA,NA,NA,NA,NA,NA,NA,NA,NA,NA,NA,NA,3.8,2.17,8.83,26.22,7.2,13.04,NA,NA,38.7,16.09,NA,NA,NA,NA
Gjilan,Kosovo,LMC,90015,27000,NA,NA,NA,NA,NA,100,NA,NA,0,NA,NA,NA,NA,NA,NA,NA,NA,NA,NA,NA,NA,NA,NA,NA,NA,NA
Pristina,Kosovo,LMC,210000,130928,NA,NA,NA,80,NA,NA,10,NA,10,NA,NA,NA,40.87,4.45,1.18,24.72,12.83,14.78,NA,1.17,NA,NA,NA,NA,NA,NA
SanaÃ¡,"Yemen, Rep.",LIC,2330689,510420.89,NA,NA,NA,53,NA,NA,NA,NA,12,NA,30,5,65,1,6,6,7,10,1,3,1,17,NA,4471250,NA,NA
JohannesburgÂ ,South Africa,UMC,4434827,1867000,NA,NA,5,NA,NA,95,NA,NA,NA,NA,NA,NA,NA,NA,NA,NA,NA,NA,NA,NA,NA,NA,NA,NA,NA,NA
Cape Town,South Africa,UMC,3430000,1251950,NA,NA,NA,NA,NA,NA,NA,NA,NA,NA,NA,NA,47,4,14,22,7,6,NA,NA,NA,NA,NA,NA,NA,NA
Soweto,South Africa,UMC,NA,NA,NA,NA,NA,NA,NA,NA,NA,NA,NA,NA,NA,NA,9,12,3,64,9,3,NA,NA,NA,NA,NA,NA,NA,NA
BloemfonteinÂ ,South Africa,UMC,256185,NA,NA,NA,NA,32.3,NA,NA,NA,NA,NA,NA,67.7,NA,42.6,9.6,4.4,7.5,18.2,17.7,NA,NA,NA,NA,NA,NA,NA,NA
Durban,South Africa,UMC,2739000,1421541,NA,NA,NA,NA,NA,NA,NA,NA,NA,NA,NA,NA,42.5,7.1,6.9,6.8,19.3,17.4,NA,NA,NA,NA,NA,NA,NA,NA
NdolaÂ ,Zambia,LMC,453000,85979.4,NA,NA,NA,NA,NA,NA,NA,NA,NA,NA,NA,NA,40,NA,NA,16.66,5,8.33,NA,NA,30,NA,NA,NA,NA,NA
Lusaka,Zambia,LMC,1719000,530000,NA,NA,NA,26,NA,NA,NA,NA,6,NA,68,NA,40,2,2,40,9,7,NA,NA,NA,NA,NA,NA,NA,NA
Kadoma City,Zimbabwe,LIC,NA,NA,NA,NA,NA,NA,NA,NA,NA,NA,NA,NA,NA,NA,60,3,3,22,5,7,NA,NA,NA,NA,NA,NA,NA,NA
Mbare,Zimbabwe,LIC,NA,NA,NA,NA,10,51,NA,NA,24,15,NA,NA,NA,NA,28,2,12,25,6,11,NA,NA,16,NA,NA,NA,NA,NA
Norton,Zimbabwe,LIC,58421,14021.039999999997,NA,NA,NA,NA,NA,NA,NA,NA,NA,NA,NA,NA,62.3,2.7,4.9,16.2,4.8,9.1,NA,NA,NA,NA,NA,NA,NA,NA
Chinhoyi,Zimbabwe,LIC,98000,25480,NA,NA,NA,NA,NA,NA,NA,NA,NA,NA,NA,NA,62.8,3.5,5.4,14.7,5,8.6,NA,NA,NA,NA,NA,NA,NA,NA
HarareÂ ,Zimbabwe,LIC,1379000,352334.5,NA,NA,NA,NA,NA,NA,NA,NA,NA,NA,NA,NA,22.61,6.45,NA,32.74,19.69,18.1,NA,NA,NA,NA,NA,NA,NA,NA
Gweru,Zimbabwe,LIC,157865,37887.6,NA,NA,NA,NA,NA,NA,NA,NA,NA,NA,NA,NA,62.4,3,3.8,13.9,6.7,10.2,NA,NA,NA,NA,NA,NA,NA,NA
Kariba,Zimbabwe,LIC,26512,7423.3600000000015,NA,NA,NA,NA,NA,NA,NA,NA,NA,NA,NA,NA,52,2,3,25,7,11,NA,NA,NA,NA,NA,NA,NA,NA
Masvingo City,Zimbabwe,LIC,NA,NA,NA,NA,NA,NA,NA,NA,NA,NA,NA,NA,NA,NA,15,4,5,6,30,40,NA,NA,NA,NA,NA,NA,NA,NA
SakubvaÂ ,Zimbabwe,LIC,NA,NA,NA,NA,NA,NA,NA,NA,NA,NA,NA,NA,NA,NA,32,5,6,7,27,23,NA,NA,NA,NA,NA,NA,NA,NA
